<?xml version="1.0" encoding="UTF-8"?>
<project-private xmlns="http://www.netbeans.org/ns/project-private/1">
    <editor-bookmarks xmlns="http://www.netbeans.org/ns/editor-bookmarks/2" lastBookmarkId="0"/>
    <open-files xmlns="http://www.netbeans.org/ns/projectui-open-files/2">
        <group>
            <file>file:/C:/Users/Vanne/Desktop/CarManufacturing/src/AbstractFactoryPackage/HyundaiCarFactory.java</file>
            <file>file:/C:/Users/Vanne/Desktop/CarManufacturing/src/AbstractFactoryPackage/I20.java</file>
            <file>file:/C:/Users/Vanne/Desktop/CarManufacturing/src/AbstractFactoryPackage/I10.java</file>
            <file>file:/C:/Users/Vanne/Desktop/CarManufacturing/src/AbstractFactoryPackage/City.java</file>
            <file>file:/C:/Users/Vanne/Desktop/CarManufacturing/src/AbstractFactoryPackage/HondaCarFactory.java</file>
            <file>file:/C:/Users/Vanne/Desktop/CarManufacturing/src/AbstractFactoryPackage/Brio.java</file>
            <file>file:/C:/Users/Vanne/Desktop/CarManufacturing/src/AbstractFactoryPackage/AbstractFactoryTest.java</file>
            <file>file:/C:/Users/Vanne/Desktop/CarManufacturing/src/AbstractFactoryPackage/FactoryProducer.java</file>
            <file>file:/C:/Users/Vanne/Desktop/CarManufacturing/src/AbstractFactoryPackage/Car.java</file>
            <file>file:/C:/Users/Vanne/Desktop/CarManufacturing/src/AbstractFactoryPackage/CarFactory.java</file>
        </group>
    </open-files>
</project-private>
